{
  "v1": {
    "mae": 1.556642710120064,
    "rmse": 2.0604533927149626,
    "n_total": 2392,
    "n_parsed": 2332
  },
  "cb7": {
    "mae": 2.530430288461538,
    "rmse": 3.423168861308021,
    "n_total": 217,
    "n_parsed": 208,
    "parse_fail_rate": 0.04147465437788023
  },
  "merged": {
    "mae": 1.6363859448818854,
    "rmse": 2.2039507739074136,
    "n_total": 2540,
    "n_parsed": 2540
  },
  "n_v1": 2392,
  "n_cb7": 217
}