{
  "v1": {
    "mae": 2.190717010989017,
    "rmse": 2.748654697559802,
    "n_total": 2392,
    "n_parsed": 2275
  },
  "cb7": {
    "mae": 1.9070411764705877,
    "rmse": 2.5499770281548906,
    "n_total": 217,
    "n_parsed": 153,
    "parse_fail_rate": 0.2949308755760369
  },
  "merged": {
    "mae": 2.1728412273476168,
    "rmse": 2.7365609238928132,
    "n_total": 2428,
    "n_parsed": 2428
  },
  "n_v1": 2392,
  "n_cb7": 217
}