{
  "v1": {
    "mae": 1.966012959866219,
    "rmse": 2.8012612770767813,
    "n_total": 2392,
    "n_parsed": 2392,
    "parse_fail_rate": 0.0
  },
  "cb7": {
    "mae": 2.811109677419356,
    "rmse": 3.698580125294815,
    "n_total": 217,
    "n_parsed": 217,
    "parse_fail_rate": 0.0
  },
  "merged": {
    "mae": 2.0363027213491742,
    "rmse": 2.886549693400792,
    "n_total": 2609,
    "n_parsed": 2609,
    "parse_fail_rate": 0.0
  },
  "n_v1": 2392,
  "n_cb7": 217
}