{
  "v1": {
    "mae": 3.527167199327165,
    "rmse": 4.727367076302905,
    "n_total": 2392,
    "n_parsed": 2378,
    "parse_fail_rate": 0.0058528428093646
  },
  "cb7": {
    "mae": 5.010935514018691,
    "rmse": 5.754287031552677,
    "n_total": 217,
    "n_parsed": 214,
    "parse_fail_rate": 0.01382488479262678
  },
  "merged": {
    "mae": 3.649669675925925,
    "rmse": 4.820443863197735,
    "n_total": 2609,
    "n_parsed": 2592,
    "parse_fail_rate": 0.006515906477577604
  },
  "n_v1": 2392,
  "n_cb7": 217
}