{
  "v1": {
    "mae": 4.755961888412009,
    "rmse": 6.060246869189355,
    "n_total": 2392,
    "n_parsed": 2330,
    "parse_fail_rate": 0.02591973244147161
  },
  "cb7": {
    "mae": 6.6045714953271055,
    "rmse": 8.299623946201686,
    "n_total": 217,
    "n_parsed": 214,
    "parse_fail_rate": 0.01382488479262678
  },
  "merged": {
    "mae": 4.911465998427663,
    "rmse": 6.279461497647422,
    "n_total": 2609,
    "n_parsed": 2544,
    "parse_fail_rate": 0.024913760061326173
  },
  "n_v1": 2392,
  "n_cb7": 217
}