{
  "v1": {
    "mae": 1.6277527812630685,
    "rmse": 2.1354088788458334,
    "n_total": 2392,
    "n_parsed": 2391,
    "parse_fail_rate": 0.0004180602006689238
  },
  "cb7": {
    "mae": 1.804134562211982,
    "rmse": 2.504649575533711,
    "n_total": 217,
    "n_parsed": 217,
    "parse_fail_rate": 0.0
  },
  "merged": {
    "mae": 1.642428719325151,
    "rmse": 2.1685310622689515,
    "n_total": 2609,
    "n_parsed": 2608,
    "parse_fail_rate": 0.0003832886163280813
  },
  "n_v1": 2392,
  "n_cb7": 217
}