{
  "v1": {
    "mae": 1.4976581103678928,
    "rmse": 2.140070212834433,
    "n_total": 2392,
    "n_parsed": 2392,
    "parse_fail_rate": 0.0
  },
  "cb7": {
    "mae": 2.0288250000000008,
    "rmse": 2.6208361922222965,
    "n_total": 217,
    "n_parsed": 212,
    "parse_fail_rate": 0.02304147465437789
  },
  "merged": {
    "mae": 1.5409021121351771,
    "rmse": 2.1831733174488797,
    "n_total": 2609,
    "n_parsed": 2604,
    "parse_fail_rate": 0.0019164430816405176
  },
  "n_v1": 2392,
  "n_cb7": 217
}