{
  "v1": {
    "mae": 1.4490446675031365,
    "rmse": 2.0115210063875626,
    "n_total": 2392,
    "n_parsed": 2391,
    "parse_fail_rate": 0.0004180602006689238
  },
  "cb7": {
    "mae": 2.653844239631334,
    "rmse": 3.5547590886372102,
    "n_total": 217,
    "n_parsed": 217,
    "parse_fail_rate": 0.0
  },
  "merged": {
    "mae": 1.549290644171779,
    "rmse": 2.1819624488022527,
    "n_total": 2609,
    "n_parsed": 2608,
    "parse_fail_rate": 0.0003832886163280813
  },
  "n_v1": 2392,
  "n_cb7": 217
}