{
  "v1": {
    "mae": 1.591282232941859,
    "rmse": 2.0780304095184245,
    "n_total": 2392,
    "n_parsed": 2390,
    "parse_fail_rate": 0.0008361204013378476
  },
  "cb7": {
    "mae": 2.079309400961622,
    "rmse": 2.819034745140238,
    "n_total": 217,
    "n_parsed": 217,
    "parse_fail_rate": 0.0
  },
  "merged": {
    "mae": 1.6319043639201056,
    "rmse": 2.1494785284901825,
    "n_total": 2609,
    "n_parsed": 2607,
    "parse_fail_rate": 0.0007665772326561626
  },
  "n_v1": 2392,
  "n_cb7": 217
}