{
  "v1": {
    "mae": 1.8741777591973259,
    "rmse": 2.7134558689028365,
    "n_total": 2392,
    "n_parsed": 2392,
    "parse_fail_rate": 0.0
  },
  "cb7": {
    "mae": 2.8838368663594443,
    "rmse": 3.6912341689155386,
    "n_total": 217,
    "n_parsed": 217,
    "parse_fail_rate": 0.0
  },
  "merged": {
    "mae": 1.9581547719432735,
    "rmse": 2.807793892265089,
    "n_total": 2609,
    "n_parsed": 2609,
    "parse_fail_rate": 0.0
  },
  "n_v1": 2392,
  "n_cb7": 217
}