{
  "v1": {
    "mae": 1.2492654682274256,
    "rmse": 1.6916476831049017,
    "n_total": 2392,
    "n_parsed": 2392,
    "parse_fail_rate": 0.0
  },
  "cb7": {
    "mae": 1.3424728110599076,
    "rmse": 1.8128660795790954,
    "n_total": 217,
    "n_parsed": 217,
    "parse_fail_rate": 0.0
  },
  "merged": {
    "mae": 1.2570178612495218,
    "rmse": 1.7020590475619537,
    "n_total": 2609,
    "n_parsed": 2609,
    "parse_fail_rate": 0.0
  },
  "n_v1": 2392,
  "n_cb7": 217
}