{
  "v1": {
    "mae": 1.710162693433714,
    "rmse": 2.378752949313709,
    "n_total": 2392,
    "n_parsed": 2391,
    "parse_fail_rate": 0.0004180602006689238
  },
  "cb7": {
    "mae": 2.8278718894009236,
    "rmse": 3.59572235788903,
    "n_total": 217,
    "n_parsed": 217,
    "parse_fail_rate": 0.0
  },
  "merged": {
    "mae": 1.803162269938656,
    "rmse": 2.5026850471856097,
    "n_total": 2609,
    "n_parsed": 2608,
    "parse_fail_rate": 0.0003832886163280813
  },
  "n_v1": 2392,
  "n_cb7": 217
}