{
  "v1": {
    "mae": 2.682084872790084,
    "rmse": 3.6165744850184827,
    "n_total": 2392,
    "n_parsed": 1572,
    "parse_fail_rate": 0.342809364548495
  },
  "cb7": {
    "mae": 2.849159770114943,
    "rmse": 3.7461282924745336,
    "n_total": 217,
    "n_parsed": 174,
    "parse_fail_rate": 0.1981566820276498
  },
  "merged": {
    "mae": 2.698734948468507,
    "rmse": 3.6296928016598384,
    "n_total": 2609,
    "n_parsed": 1746,
    "parse_fail_rate": 0.33077807589114605
  },
  "n_v1": 2392,
  "n_cb7": 217
}