{
  "v1": {
    "mae": 3.5462497695852564,
    "rmse": 4.783814461088014,
    "n_total": 2392,
    "n_parsed": 2387,
    "parse_fail_rate": 0.002090301003344508
  },
  "cb7": {
    "mae": 4.959057142857145,
    "rmse": 5.887415510632718,
    "n_total": 217,
    "n_parsed": 217,
    "parse_fail_rate": 0.0
  },
  "merged": {
    "mae": 3.663983717357913,
    "rmse": 4.885312598102104,
    "n_total": 2609,
    "n_parsed": 2604,
    "parse_fail_rate": 0.0019164430816405176
  },
  "n_v1": 2392,
  "n_cb7": 217
}