{
  "v1": {
    "mae": 2.1378734113712357,
    "rmse": 2.8600969286802997,
    "n_total": 2392,
    "n_parsed": 2392,
    "parse_fail_rate": 0.0
  },
  "cb7": {
    "mae": 2.4034709677419346,
    "rmse": 3.10112780338109,
    "n_total": 217,
    "n_parsed": 217,
    "parse_fail_rate": 0.0
  },
  "merged": {
    "mae": 2.159964124185511,
    "rmse": 2.880913322892706,
    "n_total": 2609,
    "n_parsed": 2609,
    "parse_fail_rate": 0.0
  },
  "n_v1": 2392,
  "n_cb7": 217
}