{
  "v1": {
    "mae": 2.13730280217482,
    "rmse": 2.8521865884643924,
    "n_total": 2392,
    "n_parsed": 2391,
    "parse_fail_rate": 0.0004180602006689238
  },
  "cb7": {
    "mae": 2.60277069767442,
    "rmse": 3.3265024277760564,
    "n_total": 217,
    "n_parsed": 215,
    "parse_fail_rate": 0.009216589861751112
  },
  "merged": {
    "mae": 2.175704796623173,
    "rmse": 2.8942620110831263,
    "n_total": 2609,
    "n_parsed": 2606,
    "parse_fail_rate": 0.001149865848984244
  },
  "n_v1": 2392,
  "n_cb7": 217
}