{
  "v1": {
    "mae": 2.3954682472480995,
    "rmse": 3.2639245194466775,
    "n_total": 2392,
    "n_parsed": 2362,
    "parse_fail_rate": 0.012541806020066937
  },
  "cb7": {
    "mae": 3.55889245283019,
    "rmse": 4.290825255903358,
    "n_total": 217,
    "n_parsed": 212,
    "parse_fail_rate": 0.02304147465437789
  },
  "merged": {
    "mae": 2.491290287490289,
    "rmse": 3.360381898020506,
    "n_total": 2609,
    "n_parsed": 2574,
    "parse_fail_rate": 0.01341510157148329
  },
  "n_v1": 2392,
  "n_cb7": 217
}