{
  "v1": {
    "mae": 1.2541328595317744,
    "rmse": 1.7119909125314592,
    "n_total": 2392,
    "n_parsed": 2392,
    "parse_fail_rate": 0.0
  },
  "cb7": {
    "mae": 1.3389703703703708,
    "rmse": 1.8398660407154048,
    "n_total": 217,
    "n_parsed": 216,
    "parse_fail_rate": 0.004608294930875556
  },
  "merged": {
    "mae": 1.2611592791411077,
    "rmse": 1.7229423068066887,
    "n_total": 2609,
    "n_parsed": 2608,
    "parse_fail_rate": 0.0003832886163280813
  },
  "n_v1": 2392,
  "n_cb7": 217
}