{
  "v1": {
    "mae": 1.2340688963210698,
    "rmse": 1.6618247385068552,
    "n_total": 2392,
    "n_parsed": 2392,
    "parse_fail_rate": 0.0
  },
  "cb7": {
    "mae": 1.4057428571428565,
    "rmse": 1.8579584339549011,
    "n_total": 217,
    "n_parsed": 217,
    "parse_fail_rate": 0.0
  },
  "merged": {
    "mae": 1.24834764277501,
    "rmse": 1.6790116786904723,
    "n_total": 2609,
    "n_parsed": 2609,
    "parse_fail_rate": 0.0
  },
  "n_v1": 2392,
  "n_cb7": 217
}