{
  "v1": {
    "mae": 2.3744061480552077,
    "rmse": 3.4223052808382,
    "n_total": 2392,
    "n_parsed": 2391,
    "parse_fail_rate": 0.0004180602006689238
  },
  "cb7": {
    "mae": 3.138612903225809,
    "rmse": 3.9378940795729256,
    "n_total": 217,
    "n_parsed": 217,
    "parse_fail_rate": 0.0
  },
  "merged": {
    "mae": 2.4379923696319024,
    "rmse": 3.4681298667121925,
    "n_total": 2609,
    "n_parsed": 2608,
    "parse_fail_rate": 0.0003832886163280813
  },
  "n_v1": 2392,
  "n_cb7": 217
}