{
  "v1": {
    "mae": 5.341308994415034,
    "rmse": 6.689417523139656,
    "n_total": 2392,
    "n_parsed": 2198,
    "parse_fail_rate": 0.08110367892976589
  },
  "cb7": {
    "mae": 7.229501712234397,
    "rmse": 9.187882553783068,
    "n_total": 217,
    "n_parsed": 207,
    "parse_fail_rate": 0.04608294930875578
  },
  "merged": {
    "mae": 5.503827037071416,
    "rmse": 6.939930434238644,
    "n_total": 2609,
    "n_parsed": 2405,
    "parse_fail_rate": 0.07819087773093136
  },
  "n_v1": 2392,
  "n_cb7": 217
}