{
  "v1": {
    "mae": 1.5534264742785424,
    "rmse": 2.1775030532942568,
    "n_total": 2392,
    "n_parsed": 2391,
    "parse_fail_rate": 0.0004180602006689238
  },
  "cb7": {
    "mae": 2.343147169811321,
    "rmse": 3.1818971270860543,
    "n_total": 217,
    "n_parsed": 212,
    "parse_fail_rate": 0.02304147465437789
  },
  "merged": {
    "mae": 1.6177448713023415,
    "rmse": 2.275946205692545,
    "n_total": 2609,
    "n_parsed": 2603,
    "parse_fail_rate": 0.002299731697968599
  },
  "n_v1": 2392,
  "n_cb7": 217
}