{
  "v1": {
    "mae": 1.3933178466694618,
    "rmse": 1.9420799539721443,
    "n_total": 2392,
    "n_parsed": 2387,
    "parse_fail_rate": 0.002090301003344508
  },
  "cb7": {
    "mae": 1.8734182242990653,
    "rmse": 2.505455548808654,
    "n_total": 217,
    "n_parsed": 214,
    "parse_fail_rate": 0.01382488479262678
  },
  "merged": {
    "mae": 1.432818608227607,
    "rmse": 1.9944493286229263,
    "n_total": 2609,
    "n_parsed": 2601,
    "parse_fail_rate": 0.0030663089306247615
  },
  "n_v1": 2392,
  "n_cb7": 217
}