{
  "v1": {
    "mae": 1.7930410623946056,
    "rmse": 2.446232676362891,
    "n_total": 2392,
    "n_parsed": 2372,
    "parse_fail_rate": 0.00836120401337792
  },
  "cb7": {
    "mae": 2.2761740740740755,
    "rmse": 3.1432576676117416,
    "n_total": 217,
    "n_parsed": 216,
    "parse_fail_rate": 0.004608294930875556
  },
  "merged": {
    "mae": 1.833364374034006,
    "rmse": 2.5118168690153047,
    "n_total": 2609,
    "n_parsed": 2588,
    "parse_fail_rate": 0.00804906094289004
  },
  "n_v1": 2392,
  "n_cb7": 217
}