{
  "v1": {
    "mae": 1.728561751152074,
    "rmse": 2.2823607502628027,
    "n_total": 2392,
    "n_parsed": 2387,
    "parse_fail_rate": 0.002090301003344508
  },
  "cb7": {
    "mae": 2.2785339534883717,
    "rmse": 3.088110524079445,
    "n_total": 217,
    "n_parsed": 215,
    "parse_fail_rate": 0.009216589861751112
  },
  "merged": {
    "mae": 1.7740052651806284,
    "rmse": 2.3593910946010763,
    "n_total": 2609,
    "n_parsed": 2602,
    "parse_fail_rate": 0.00268302031429668
  },
  "n_v1": 2392,
  "n_cb7": 217
}