{
  "v1": {
    "mae": 2.207441799163182,
    "rmse": 3.21562872830187,
    "n_total": 2392,
    "n_parsed": 2390,
    "parse_fail_rate": 0.0008361204013378476
  },
  "cb7": {
    "mae": 2.818411059907834,
    "rmse": 3.675893272220475,
    "n_total": 217,
    "n_parsed": 217,
    "parse_fail_rate": 0.0
  },
  "merged": {
    "mae": 2.2582973149213688,
    "rmse": 3.2564230192750006,
    "n_total": 2609,
    "n_parsed": 2607,
    "parse_fail_rate": 0.0007665772326561626
  },
  "n_v1": 2392,
  "n_cb7": 217
}