{
  "v1": {
    "rougeL_f": 0.3110546456386843,
    "rouge1_f": 0.35203823423954667,
    "n_total": 128
  },
  "cb7": {
    "rougeL_f": 0.2377049180327869,
    "rouge1_f": 0.31967213114754095,
    "n_total": 1
  },
  "merged": {
    "rougeL_f": 0.31048604309910366,
    "rouge1_f": 0.3517873342155777,
    "n_total": 129
  },
  "n_v1": 128,
  "n_cb7": 1
}