{
  "v1": {
    "rougeL_f": 0.06727445616987314,
    "rouge1_f": 0.09656990414163202,
    "n_total": 122
  },
  "cb7": {
    "rougeL_f": 0.45783132530120485,
    "rouge1_f": 0.5421686746987951,
    "n_total": 1
  },
  "merged": {
    "rougeL_f": 0.07044971526850186,
    "rouge1_f": 0.10019265837380407,
    "n_total": 123
  },
  "n_v1": 122,
  "n_cb7": 1
}