{
  "v1": {
    "rougeL_f": 0.043481690225731014,
    "rouge1_f": 0.06802061335749185,
    "n_total": 122
  },
  "cb7": {
    "rougeL_f": 0.4170616113744076,
    "rouge1_f": 0.44549763033175355,
    "n_total": 1
  },
  "merged": {
    "rougeL_f": 0.04651892535702107,
    "rouge1_f": 0.07108953219468096,
    "n_total": 123
  },
  "n_v1": 122,
  "n_cb7": 1
}