{
  "v1": {
    "rougeL_f": 0.07686478682858086,
    "rouge1_f": 0.12318865814263776,
    "n_total": 122
  },
  "cb7": {
    "rougeL_f": 0.22594142259414227,
    "rouge1_f": 0.2928870292887029,
    "n_total": 1
  },
  "merged": {
    "rougeL_f": 0.07807679199740657,
    "rouge1_f": 0.1245683196966708,
    "n_total": 123
  },
  "n_v1": 122,
  "n_cb7": 1
}