{
  "v1": {
    "rougeL_f": 0.030470005714262793,
    "rouge1_f": 0.042861273663997605,
    "n_total": 122
  },
  "cb7": {
    "rougeL_f": 0.08255659121171771,
    "rouge1_f": 0.1278295605858855,
    "n_total": 1
  },
  "merged": {
    "rougeL_f": 0.030893473889038847,
    "rouge1_f": 0.04355207274466336,
    "n_total": 123
  },
  "n_v1": 122,
  "n_cb7": 1
}