{
  "v1": {
    "rougeL_f": 0.0902859771803946,
    "rouge1_f": 0.15175947205738785,
    "n_total": 122
  },
  "cb7": {
    "rougeL_f": 0.08463251670378619,
    "rouge1_f": 0.16035634743875277,
    "n_total": 1
  },
  "merged": {
    "rougeL_f": 0.09024001408708884,
    "rouge1_f": 0.15182936535317132,
    "n_total": 123
  },
  "n_v1": 122,
  "n_cb7": 1
}