{
  "v1": {
    "rougeL_f": 0.09818249847403909,
    "rouge1_f": 0.1502937203946201,
    "n_total": 122
  },
  "cb7": {
    "rougeL_f": 0.3115577889447236,
    "rouge1_f": 0.3417085427135678,
    "n_total": 1
  },
  "merged": {
    "rougeL_f": 0.09991725693315036,
    "rouge1_f": 0.15184993846225384,
    "n_total": 123
  },
  "n_v1": 122,
  "n_cb7": 1
}