{
  "v1": {
    "rougeL_f": 0.533165533812621,
    "rouge1_f": 0.5800392047226932,
    "n_total": 122
  },
  "cb7": {
    "rougeL_f": 0.5497076023391813,
    "rouge1_f": 0.5964912280701754,
    "n_total": 1
  },
  "merged": {
    "rougeL_f": 0.5333000221746256,
    "rouge1_f": 0.5801729610100712,
    "n_total": 123
  },
  "n_v1": 122,
  "n_cb7": 1
}