{
  "v1": {
    "rougeL_f": 0.08044400873146827,
    "rouge1_f": 0.12918513316143576,
    "n_total": 122
  },
  "cb7": {
    "rougeL_f": 0.23300970873786406,
    "rouge1_f": 0.31067961165048547,
    "n_total": 1
  },
  "merged": {
    "rougeL_f": 0.08168438027623573,
    "rouge1_f": 0.1306606980272004,
    "n_total": 123
  },
  "n_v1": 122,
  "n_cb7": 1
}