{
  "v1": {
    "rougeL_f": 0.07820698745021412,
    "rouge1_f": 0.12661210990435756,
    "n_total": 122
  },
  "cb7": {
    "rougeL_f": 0.15658362989323843,
    "rouge1_f": 0.22775800711743774,
    "n_total": 1
  },
  "merged": {
    "rougeL_f": 0.07884419592536066,
    "rouge1_f": 0.12743443427194356,
    "n_total": 123
  },
  "n_v1": 122,
  "n_cb7": 1
}