{
  "v1": {
    "rougeL_f": 0.40116436863144,
    "rouge1_f": 0.44843701904148575,
    "n_total": 122
  },
  "cb7": {
    "rougeL_f": 0.31067961165048547,
    "rouge1_f": 0.3689320388349514,
    "n_total": 1
  },
  "merged": {
    "rougeL_f": 0.4004287202007005,
    "rouge1_f": 0.4477906370885871,
    "n_total": 123
  },
  "n_v1": 122,
  "n_cb7": 1
}