{
  "v1": {
    "rougeL_f": 0.07427840676449463,
    "rouge1_f": 0.11754042618833045,
    "n_total": 122
  },
  "cb7": {
    "rougeL_f": 0.14193548387096774,
    "rouge1_f": 0.20645161290322578,
    "n_total": 1
  },
  "merged": {
    "rougeL_f": 0.07482846430194563,
    "rouge1_f": 0.11826328136487431,
    "n_total": 123
  },
  "n_v1": 122,
  "n_cb7": 1
}