{
  "v1": {
    "rougeL_f": 0.08028331944006109,
    "rouge1_f": 0.13440752046771137,
    "n_total": 122
  },
  "cb7": {
    "rougeL_f": 0.3399209486166008,
    "rouge1_f": 0.41897233201581024,
    "n_total": 1
  },
  "merged": {
    "rougeL_f": 0.08239419447401669,
    "rouge1_f": 0.13672105552094793,
    "n_total": 123
  },
  "n_v1": 122,
  "n_cb7": 1
}