{
  "v1": {
    "rougeL_f": 0.09360959535649269,
    "rouge1_f": 0.14431190996281754,
    "n_total": 122
  },
  "cb7": {
    "rougeL_f": 0.4912280701754386,
    "rouge1_f": 0.584795321637427,
    "n_total": 1
  },
  "merged": {
    "rougeL_f": 0.09684226588347598,
    "rouge1_f": 0.1478930759113916,
    "n_total": 123
  },
  "n_v1": 122,
  "n_cb7": 1
}