{
  "v1": {
    "rougeL_f": 0.08525041757180306,
    "rouge1_f": 0.13667498866638278,
    "n_total": 122
  },
  "cb7": {
    "rougeL_f": 0.14814814814814814,
    "rouge1_f": 0.18855218855218855,
    "n_total": 1
  },
  "merged": {
    "rougeL_f": 0.08576178123502537,
    "rouge1_f": 0.1370967545191129,
    "n_total": 123
  },
  "n_v1": 122,
  "n_cb7": 1
}