{
  "v1": {
    "rougeL_f": 0.0326291082550286,
    "rouge1_f": 0.04246497066478429,
    "n_total": 122
  },
  "cb7": {
    "rougeL_f": 0.10894941634241244,
    "rouge1_f": 0.19844357976653695,
    "n_total": 1
  },
  "merged": {
    "rougeL_f": 0.033249598564682126,
    "rouge1_f": 0.04373308943796927,
    "n_total": 123
  },
  "n_v1": 122,
  "n_cb7": 1
}