{
  "v1": {
    "rougeL_f": 0.4836298475082357,
    "rouge1_f": 0.5312384382706987,
    "n_total": 122
  },
  "cb7": {
    "rougeL_f": 0.4645161290322581,
    "rouge1_f": 0.5419354838709677,
    "n_total": 1
  },
  "merged": {
    "rougeL_f": 0.4834744514230651,
    "rouge1_f": 0.5313254061211075,
    "n_total": 123
  },
  "n_v1": 122,
  "n_cb7": 1
}