{
  "v1": null,
  "cb7": {
    "rougeL_f": 0.08717948717948718,
    "rouge1_f": 0.1641025641025641,
    "n_total": 1
  },
  "merged": {
    "rougeL_f": 0.08717948717948718,
    "rouge1_f": 0.1641025641025641,
    "n_total": 1
  },
  "n_v1": 0,
  "n_cb7": 1
}