{
  "v1": {
    "rougeL_f": 0.07194684872262898,
    "rouge1_f": 0.11024455194576104,
    "n_total": 122
  },
  "cb7": {
    "rougeL_f": 0.4222222222222222,
    "rouge1_f": 0.4777777777777778,
    "n_total": 1
  },
  "merged": {
    "rougeL_f": 0.07479461598685332,
    "rouge1_f": 0.1132326269525254,
    "n_total": 123
  },
  "n_v1": 122,
  "n_cb7": 1
}