{
  "v1": {
    "rougeL_f": 0.40374449388654593,
    "rouge1_f": 0.45584021040068406,
    "n_total": 122
  },
  "cb7": {
    "rougeL_f": 0.47798742138364775,
    "rouge1_f": 0.5157232704402516,
    "n_total": 1
  },
  "merged": {
    "rougeL_f": 0.4043480949231077,
    "rouge1_f": 0.45632706454734717,
    "n_total": 123
  },
  "n_v1": 122,
  "n_cb7": 1
}