{
  "v1": {
    "rougeL_f": 0.05755936258223511,
    "rouge1_f": 0.09194114070970431,
    "n_total": 122
  },
  "cb7": {
    "rougeL_f": 0.09401709401709402,
    "rouge1_f": 0.13675213675213677,
    "n_total": 1
  },
  "merged": {
    "rougeL_f": 0.05785576690284372,
    "rouge1_f": 0.0923054577506997,
    "n_total": 123
  },
  "n_v1": 122,
  "n_cb7": 1
}