{
  "v1": {
    "rougeL_f": 0.07073651669598376,
    "rouge1_f": 0.11601879408050303,
    "n_total": 205
  },
  "cb7": {
    "rougeL_f": 0.06680584551148226,
    "rouge1_f": 0.10438413361169102,
    "n_total": 1
  },
  "merged": {
    "rougeL_f": 0.07071743576790365,
    "rouge1_f": 0.1159623151461884,
    "n_total": 206
  },
  "n_v1": 205,
  "n_cb7": 1
}