{
  "v1": {
    "rougeL_f": 0.08246530043065384,
    "rouge1_f": 0.14052586154216543,
    "n_total": 122
  },
  "cb7": {
    "rougeL_f": 0.1417910447761194,
    "rouge1_f": 0.25373134328358204,
    "n_total": 1
  },
  "merged": {
    "rougeL_f": 0.08294762355541373,
    "rouge1_f": 0.14144623131242084,
    "n_total": 123
  },
  "n_v1": 122,
  "n_cb7": 1
}