{
  "v1": {
    "rougeL_f": 0.05906080295045601,
    "rouge1_f": 0.09152718832405367,
    "n_total": 124
  },
  "cb7": {
    "rougeL_f": 0.407843137254902,
    "rouge1_f": 0.47843137254901963,
    "n_total": 1
  },
  "merged": {
    "rougeL_f": 0.061851061624891575,
    "rouge1_f": 0.09462242179785339,
    "n_total": 125
  },
  "n_v1": 124,
  "n_cb7": 1
}