{
  "v1": {
    "rougeL_f": 0.2648914632578781,
    "rouge1_f": 0.307094608361582,
    "n_total": 122
  },
  "cb7": {
    "rougeL_f": 0.24271844660194178,
    "rouge1_f": 0.31067961165048547,
    "n_total": 1
  },
  "merged": {
    "rougeL_f": 0.26471119482978106,
    "rouge1_f": 0.3071237547297845,
    "n_total": 123
  },
  "n_v1": 122,
  "n_cb7": 1
}