{
  "v1": {
    "macro_f1": 0.17313009151041797,
    "balanced_accuracy": 0.255522298916105,
    "n_total": 1955,
    "n_parsed": 1955,
    "parse_fail_rate": 0.0
  },
  "cb7": {
    "macro_f1": 0.16393442622950818,
    "balanced_accuracy": 0.967741935483871,
    "n_total": 217,
    "n_parsed": 217,
    "parse_fail_rate": 0.0
  },
  "merged": {
    "macro_f1": 0.17387053519807694,
    "balanced_accuracy": 0.2567949744112154,
    "n_total": 2172,
    "n_parsed": 2172,
    "parse_fail_rate": 0.0
  },
  "n_v1": 1955,
  "n_cb7": 217
}