{
  "v1": {
    "macro_f1": 0.1490644208618744,
    "balanced_accuracy": 0.18979763981360914,
    "n_total": 1949,
    "n_parsed": 1949,
    "parse_fail_rate": 0.0
  },
  "cb7": {
    "macro_f1": 0.08978675645342311,
    "balanced_accuracy": 0.3686635944700461,
    "n_total": 217,
    "n_parsed": 217,
    "parse_fail_rate": 0.0
  },
  "merged": {
    "macro_f1": 0.14442280717178632,
    "balanced_accuracy": 0.1852443916960046,
    "n_total": 2166,
    "n_parsed": 2166,
    "parse_fail_rate": 0.0
  },
  "n_v1": 1949,
  "n_cb7": 217
}