{
  "v1": {
    "macro_f1": 0.18109488978840396,
    "balanced_accuracy": 0.34530334806127366,
    "n_total": 1955,
    "n_parsed": 1955,
    "parse_fail_rate": 0.0
  },
  "cb7": {
    "macro_f1": 0.16589506172839505,
    "balanced_accuracy": 0.9907834101382489,
    "n_total": 217,
    "n_parsed": 217,
    "parse_fail_rate": 0.0
  },
  "merged": {
    "macro_f1": 0.18197239463576884,
    "balanced_accuracy": 0.3469560260981348,
    "n_total": 2172,
    "n_parsed": 2172,
    "parse_fail_rate": 0.0
  },
  "n_v1": 1955,
  "n_cb7": 217
}