{
  "v1": {
    "accuracy": 0.4050387596899225,
    "regret": 0.8223969476744186,
    "n_total": 2064,
    "n_parsed": 2055,
    "parse_fail_rate": 0.0043604651162790775
  },
  "cb7": {
    "accuracy": 0.465,
    "regret": null,
    "n_total": 200,
    "n_parsed": 199,
    "parse_fail_rate": 0.0050000000000000044
  },
  "merged": {
    "accuracy": 0.41033568904593637,
    "regret": 0.8223969476744186,
    "n_total": 2264,
    "n_parsed": 2254,
    "parse_fail_rate": 0.004416961130742081
  },
  "n_v1": 2064,
  "n_cb7": 200
}