{
  "v1": {
    "accuracy": 0.37790697674418605,
    "regret": 0.9301536337209302,
    "n_total": 2064,
    "n_parsed": 2064,
    "parse_fail_rate": 0.0
  },
  "cb7": {
    "accuracy": 0.39,
    "regret": null,
    "n_total": 200,
    "n_parsed": 200,
    "parse_fail_rate": 0.0
  },
  "merged": {
    "accuracy": 0.3789752650176678,
    "regret": 0.9301536337209302,
    "n_total": 2264,
    "n_parsed": 2264,
    "parse_fail_rate": 0.0
  },
  "n_v1": 2064,
  "n_cb7": 200
}