{
  "v1": {
    "accuracy": 0.16715116279069767,
    "regret": null,
    "n_total": 2064,
    "n_parsed": 1385,
    "parse_fail_rate": 0.3289728682170543
  },
  "cb7": {
    "accuracy": 0.0,
    "regret": null,
    "n_total": 200,
    "n_parsed": 4,
    "parse_fail_rate": 0.98
  },
  "merged": {
    "accuracy": 0.1523851590106007,
    "regret": null,
    "n_total": 2264,
    "n_parsed": 1389,
    "parse_fail_rate": 0.3864840989399293
  },
  "n_v1": 2064,
  "n_cb7": 200
}