{
  "v1": {
    "accuracy": 0.4636627906976744,
    "regret": 0.7127114341085271,
    "n_total": 2064,
    "n_parsed": 2064,
    "parse_fail_rate": 0.0
  },
  "cb7": {
    "accuracy": 0.53,
    "regret": null,
    "n_total": 200,
    "n_parsed": 197,
    "parse_fail_rate": 0.015000000000000013
  },
  "merged": {
    "accuracy": 0.46952296819787986,
    "regret": 0.7127114341085271,
    "n_total": 2264,
    "n_parsed": 2261,
    "parse_fail_rate": 0.0013250883392226243
  },
  "n_v1": 2064,
  "n_cb7": 200
}