{
  "v1": {
    "accuracy": 0.39001937984496127,
    "regret": 0.8885763565891472,
    "n_total": 2064,
    "n_parsed": 2064,
    "parse_fail_rate": 0.0
  },
  "cb7": {
    "accuracy": 0.415,
    "regret": null,
    "n_total": 200,
    "n_parsed": 200,
    "parse_fail_rate": 0.0
  },
  "merged": {
    "accuracy": 0.392226148409894,
    "regret": 0.8885763565891472,
    "n_total": 2264,
    "n_parsed": 2264,
    "parse_fail_rate": 0.0
  },
  "n_v1": 2064,
  "n_cb7": 200
}