{
  "v1": {
    "accuracy": 0.3682170542635659,
    "regret": 0.9849074127906977,
    "n_total": 2064,
    "n_parsed": 2064,
    "parse_fail_rate": 0.0
  },
  "cb7": {
    "accuracy": 0.425,
    "regret": null,
    "n_total": 200,
    "n_parsed": 200,
    "parse_fail_rate": 0.0
  },
  "merged": {
    "accuracy": 0.37323321554770317,
    "regret": 0.9849074127906977,
    "n_total": 2264,
    "n_parsed": 2264,
    "parse_fail_rate": 0.0
  },
  "n_v1": 2064,
  "n_cb7": 200
}