{
  "v1": {
    "accuracy": 0.3648255813953488,
    "regret": 0.950781007751938,
    "n_total": 2064,
    "n_parsed": 2061,
    "parse_fail_rate": 0.0014534883720930258
  },
  "cb7": {
    "accuracy": 0.42,
    "regret": null,
    "n_total": 200,
    "n_parsed": 200,
    "parse_fail_rate": 0.0
  },
  "merged": {
    "accuracy": 0.36969964664310956,
    "regret": 0.950781007751938,
    "n_total": 2264,
    "n_parsed": 2261,
    "parse_fail_rate": 0.0013250883392226243
  },
  "n_v1": 2064,
  "n_cb7": 200
}