{
  "v1": {
    "accuracy": 0.45348837209302323,
    "regret": 0.729508769379845,
    "n_total": 2064,
    "n_parsed": 2064,
    "parse_fail_rate": 0.0
  },
  "cb7": {
    "accuracy": 0.535,
    "regret": null,
    "n_total": 200,
    "n_parsed": 198,
    "parse_fail_rate": 0.010000000000000009
  },
  "merged": {
    "accuracy": 0.46068904593639576,
    "regret": 0.729508769379845,
    "n_total": 2264,
    "n_parsed": 2262,
    "parse_fail_rate": 0.0008833922261484162
  },
  "n_v1": 2064,
  "n_cb7": 200
}