{
  "v1": {
    "accuracy": 0.376453488372093,
    "regret": 0.9441737887596899,
    "n_total": 2064,
    "n_parsed": 2062,
    "parse_fail_rate": 0.0009689922480620172
  },
  "cb7": {
    "accuracy": 0.435,
    "regret": null,
    "n_total": 200,
    "n_parsed": 200,
    "parse_fail_rate": 0.0
  },
  "merged": {
    "accuracy": 0.38162544169611307,
    "regret": 0.9441737887596899,
    "n_total": 2264,
    "n_parsed": 2262,
    "parse_fail_rate": 0.0008833922261484162
  },
  "n_v1": 2064,
  "n_cb7": 200
}