{
  "v1": {
    "accuracy": 0.23304263565891473,
    "regret": null,
    "n_total": 2064,
    "n_parsed": 1870,
    "parse_fail_rate": 0.09399224806201545
  },
  "cb7": {
    "accuracy": 0.26,
    "regret": null,
    "n_total": 200,
    "n_parsed": 200,
    "parse_fail_rate": 0.0
  },
  "merged": {
    "accuracy": 0.23542402826855124,
    "regret": null,
    "n_total": 2264,
    "n_parsed": 2070,
    "parse_fail_rate": 0.08568904593639581
  },
  "n_v1": 2064,
  "n_cb7": 200
}