{
  "accuracy": 0.9304347826086956,
  "macro_f1": 0.16066066066066065,
  "weighted_f1": 0.8969056012534272,
  "parse_fail_rate": 0.0,
  "n_total": 1955,
  "n_parsed": 1955,
  "per_class": {
    "water": {
      "precision": 0.9304347826086956,
      "recall": 1.0,
      "f1": 0.9639639639639639,
      "support": 1819
    },
    "DMSO": {
      "precision": 0.0,
      "recall": 0.0,
      "f1": 0.0,
      "support": 2
    },
    "MeCN": {
      "precision": 0.0,
      "recall": 0.0,
      "f1": 0.0,
      "support": 10
    },
    "MeOH": {
      "precision": 0.0,
      "recall": 0.0,
      "f1": 0.0,
      "support": 94
    },
    "CHCl3": {
      "precision": 0.0,
      "recall": 0.0,
      "f1": 0.0,
      "support": 27
    },
    "CH2Cl2": {
      "precision": 0.0,
      "recall": 0.0,
      "f1": 0.0,
      "support": 3
    }
  }
}