{
  "rougeL_f": 0.010614128884636597,
  "kh": 0.0,
  "n_total": 122,
  "n_parsed": 122,
  "forward": {
    "rougeL_f": 0.03415842405537392,
    "kh": 0.0,
    "n": 35
  },
  "reverse": {
    "rougeL_f": 0.0011422859998572142,
    "kh": 0.0,
    "n": 87
  }
}