label,precision,recall,f1,support
water,0.9952009598080384,0.9120395821880154,0.9518072289156627,1819
DMSO,0.0,0.0,0.0,2
MeCN,0.022556390977443608,0.3,0.04195804195804195,10
MeOH,0.23684210526315788,0.09574468085106383,0.13636363636363635,94
CHCl3,0.0967741935483871,0.3333333333333333,0.15000000000000002,27
CH2Cl2,0.0,0.0,0.0,3
