label,precision,recall,f1,support
water,0.9963985594237695,0.9125893347993403,0.9526542324246772,1819
DMSO,0.0,0.0,0.0,2
MeCN,0.024,0.3,0.04444444444444444,10
MeOH,0.3181818181818182,0.14893617021276595,0.20289855072463767,94
CHCl3,0.09278350515463918,0.3333333333333333,0.14516129032258066,27
CH2Cl2,0.0,0.0,0.0,3
