label,precision,recall,f1,support
water,0.9993990384615384,0.9147414741474147,0.9551981619758758,1818
DMSO,0.0,0.0,0.0,1
MeCN,0.028846153846153848,0.3333333333333333,0.05309734513274337,9
MeOH,0.4186046511627907,0.1935483870967742,0.2647058823529412,93
CHCl3,0.0,0.0,0.0,26
CH2Cl2,0.0,0.0,0.0,2
