label,precision,recall,f1,support
water,0.9963414634146341,0.8997797356828194,0.945601851851852,1816
DMSO,0.0,0.0,0.0,2
MeCN,0.03278688524590164,0.4,0.060606060606060615,10
MeOH,0.625,0.5434782608695652,0.5813953488372093,92
CHCl3,0.2926829268292683,0.8888888888888888,0.4403669724770642,27
CH2Cl2,0.0,0.0,0.0,3
