label,precision,recall,f1,support
water,0.9950186799501868,0.878987898789879,0.9334112149532711,1818
DMSO,0.0,0.0,0.0,2
MeCN,0.013071895424836602,0.2,0.024539877300613498,10
MeOH,0.5294117647058824,0.4787234042553192,0.5027932960893855,94
CHCl3,0.275,0.8148148148148148,0.4112149532710281,27
CH2Cl2,0.0,0.0,0.0,3
