label,precision,recall,f1,support
water,0.9957343083485679,0.8997797356828194,0.9453283193520393,1816
DMSO,0.0,0.0,0.0,1
MeCN,0.012987012987012988,0.2222222222222222,0.024539877300613498,9
MeOH,0.5769230769230769,0.16129032258064516,0.25210084033613445,93
CHCl3,0.041666666666666664,0.11538461538461539,0.06122448979591837,26
CH2Cl2,0.0,0.0,0.0,2
