label,precision,recall,f1,support
water,0.9916417910447761,0.9131390874106652,0.9507727532913565,1819
DMSO,0.0,0.0,0.0,2
MeCN,0.0967741935483871,0.3,0.14634146341463414,10
MeOH,0.5874125874125874,0.8936170212765957,0.708860759493671,94
CHCl3,0.18627450980392157,0.7037037037037037,0.29457364341085274,27
CH2Cl2,0.0,0.0,0.0,3
