label,precision,recall,f1,support
water,0.9866310160427807,0.5390796201607012,0.6972130373169579,1369
DMSO,0.0,0.0,0.0,2
MeCN,0.0049586776859504135,0.42857142857142855,0.009803921568627453,7
MeOH,0.5,0.41818181818181815,0.4554455445544554,55
CHCl3,0.20833333333333334,0.25,0.22727272727272727,20
CH2Cl2,0.0,0.0,0.0,2
