label,precision,recall,f1,support
water,0.9902309058614565,0.6574292452830188,0.7902197023387668,1696
DMSO,0.0,0.0,0.0,1
MeCN,0.006980802792321117,0.5714285714285714,0.013793103448275862,7
MeOH,0.48,0.36923076923076925,0.4173913043478261,65
CHCl3,0.0,0.0,0.0,25
CH2Cl2,0.0,0.0,0.0,2
