label,precision,recall,f1,support
water,0.9993975903614458,0.9125412541254125,0.9539965497412306,1818
DMSO,0.0,0.0,0.0,1
MeCN,0.0547945205479452,0.4444444444444444,0.0975609756097561,9
MeOH,0.5684210526315789,0.5806451612903226,0.5744680851063831,93
CHCl3,0.02247191011235955,0.07692307692307693,0.034782608695652174,26
CH2Cl2,1.0,0.5,0.6666666666666666,2
