label,precision,recall,f1,support
water,0.993421052631579,0.9131390874106652,0.9515898023488971,1819
DMSO,0.0,0.0,0.0,2
MeCN,0.023255813953488372,0.1,0.03773584905660377,10
MeOH,0.6046511627906976,0.8297872340425532,0.6995515695067265,94
CHCl3,0.18018018018018017,0.7407407407407407,0.2898550724637681,27
CH2Cl2,0.0,0.0,0.0,3
