label,precision,recall,f1,support
water,0.9679539852095317,0.6581005586592179,0.7835051546391754,1790
DMSO,0.0,0.0,0.0,2
MeCN,0.00530035335689046,0.3,0.010416666666666668,10
MeOH,0.4444444444444444,0.3037974683544304,0.36090225563909767,79
CHCl3,0.2,0.11538461538461539,0.14634146341463417,26
CH2Cl2,0.0,0.0,0.0,3
