label,precision,recall,f1,support
water,0.9902794653705954,0.8960967564595932,0.9408369408369408,1819
DMSO,0.0,0.0,0.0,2
MeCN,0.040268456375838924,0.6,0.07547169811320754,10
MeOH,0.0,0.0,0.0,94
CHCl3,0.016129032258064516,0.037037037037037035,0.02247191011235955,27
CH2Cl2,0.0,0.0,0.0,3
