label,precision,recall,f1,support
water,0.995212447636146,0.914238592633315,0.9530085959885387,1819
DMSO,0.0,0.0,0.0,2
MeCN,0.013513513513513514,0.1,0.023809523809523808,10
MeOH,0.524390243902439,0.4574468085106383,0.48863636363636365,94
CHCl3,0.21153846153846154,0.8148148148148148,0.3358778625954198,27
CH2Cl2,0.0,0.0,0.0,3
