label,precision,recall,f1,support
water,0.9937655860349127,0.8767876787678768,0.9316189362945645,1818
DMSO,0.0,0.0,0.0,1
MeCN,0.027932960893854747,0.5555555555555556,0.05319148936170212,9
MeOH,1.0,0.021505376344086023,0.04210526315789474,93
CHCl3,0.08333333333333333,0.15384615384615385,0.10810810810810811,26
CH2Cl2,0.0,0.0,0.0,2
