label,precision,recall,f1,support
water,0.9781453041937389,0.9103903243540407,0.9430523917995443,1819
DMSO,0.0,0.0,0.0,2
MeCN,0.06,0.6,0.1090909090909091,10
MeOH,0.4666666666666667,0.22340425531914893,0.3021582733812949,94
CHCl3,0.0,0.0,0.0,27
CH2Cl2,0.0,0.0,0.0,3
