label,precision,recall,f1,support
water,0.9964285714285714,0.9207920792079208,0.9571183533447686,1818
DMSO,0.0,0.0,0.0,2
MeCN,0.046296296296296294,0.5,0.0847457627118644,10
MeOH,0.6086956521739131,0.2978723404255319,0.39999999999999997,94
CHCl3,0.23853211009174313,0.9629629629629629,0.3823529411764706,27
CH2Cl2,0.0,0.0,0.0,3
