label,precision,recall,f1,support
water,0.9970291146761735,0.9235002751788662,0.9588571428571429,1817
DMSO,0.0,0.0,0.0,2
MeCN,0.061224489795918366,0.6,0.1111111111111111,10
MeOH,0.6101694915254238,0.3829787234042553,0.47058823529411764,94
CHCl3,0.24528301886792453,0.9629629629629629,0.39097744360902253,27
CH2Cl2,0.0,0.0,0.0,3
