label,precision,recall,f1,support
water,0.9946075494307969,0.9130913091309131,0.9521078290794379,1818
DMSO,0.0,0.0,0.0,2
MeCN,0.0,0.0,0.0,10
MeOH,0.5153846153846153,0.7127659574468085,0.5982142857142856,94
CHCl3,0.19827586206896552,0.8518518518518519,0.3216783216783217,27
CH2Cl2,0.0,0.0,0.0,3
