label,precision,recall,f1,support
water,0.9873035066505441,0.8977460142935679,0.9403973509933775,1819
DMSO,0.014705882352941176,0.5,0.028571428571428574,2
MeCN,0.04054054054054054,0.6,0.0759493670886076,10
MeOH,0.0,0.0,0.0,94
CHCl3,0.02857142857142857,0.07407407407407407,0.041237113402061855,27
CH2Cl2,0.0,0.0,0.0,3
