label,precision,recall,f1,support
water,0.9993983152827918,0.9136413641364136,0.9545977011494253,1818
DMSO,0.0,0.0,0.0,1
MeCN,0.07547169811320754,0.4444444444444444,0.12903225806451613,9
MeOH,0.5612244897959183,0.5913978494623656,0.5759162303664921,93
CHCl3,0.0,0.0,0.0,26
CH2Cl2,0.0,0.0,0.0,2
