label,precision,recall,f1,support
water,0.9796905222437138,0.6291925465838509,0.7662632375189108,1610
DMSO,0.0,0.0,0.0,1
MeCN,0.03636363636363636,0.5,0.06779661016949153,8
MeOH,0.03592814371257485,0.06976744186046512,0.04743083003952569,86
CHCl3,0.019230769230769232,0.125,0.03333333333333334,24
CH2Cl2,0.007407407407407408,0.5,0.014598540145985401,2
