label,precision,recall,f1,support
water,0.9982089552238806,0.9196919691969196,0.9573432579444603,1818
DMSO,0.0,0.0,0.0,1
MeCN,0.03333333333333333,0.3333333333333333,0.0606060606060606,9
MeOH,0.5454545454545454,0.3870967741935484,0.45283018867924524,93
CHCl3,0.0,0.0,0.0,26
CH2Cl2,0.0,0.0,0.0,2
