label,precision,recall,f1,support
water,0.9780545670225386,0.9065420560747663,0.9409415121255349,1819
DMSO,0.0,0.0,0.0,2
MeCN,0.049019607843137254,0.5,0.08928571428571427,10
MeOH,0.42857142857142855,0.19148936170212766,0.2647058823529412,94
CHCl3,0.010309278350515464,0.037037037037037035,0.016129032258064516,27
CH2Cl2,0.0,0.0,0.0,3
