label,precision,recall,f1,support
water,0.9573229873908826,0.54260582737768,0.6926315789473684,1819
DMSO,0.0,0.0,0.0,2
MeCN,0.0,0.0,0.0,10
MeOH,0.25882352941176473,0.23404255319148937,0.2458100558659218,94
CHCl3,0.009615384615384616,0.037037037037037035,0.015267175572519085,27
CH2Cl2,0.0,0.0,0.0,3
