label,precision,recall,f1,support
water,0.9716636197440585,0.5847084708470847,0.7300824175824175,1818
DMSO,0.0,0.0,0.0,1
MeCN,0.011494252873563218,0.1111111111111111,0.020833333333333332,9
MeOH,0.15298507462686567,0.44086021505376344,0.22714681440443213,93
CHCl3,0.03076923076923077,0.07692307692307693,0.04395604395604396,26
CH2Cl2,0.0,0.0,0.0,2
