label,precision,recall,f1,support
water,0.9610027855153204,0.5689939527212754,0.7147790055248618,1819
DMSO,0.0029498525073746312,0.5,0.005865102639296187,2
MeCN,0.0,0.0,0.0,10
MeOH,0.31343283582089554,0.22340425531914893,0.26086956521739135,94
CHCl3,0.02531645569620253,0.14814814814814814,0.043243243243243246,27
CH2Cl2,0.0,0.0,0.0,3
