label,precision,recall,f1,support
water,0.9262960649594004,0.8252643294379521,0.8728663919952914,1797
DMSO,0.0,0.0,0.0,1
MeCN,0.03333333333333333,0.3,0.060000000000000005,10
MeOH,0.0,0.0,0.0,94
CHCl3,0.0,0.0,0.0,23
CH2Cl2,0.041666666666666664,0.3333333333333333,0.07407407407407407,3
