label,precision,recall,f1,support
water,0.9709090909090909,0.4403518416712479,0.6059001512859303,1819
DMSO,0.0,0.0,0.0,2
MeCN,0.0546875,0.7,0.10144927536231883,10
MeOH,0.024242424242424242,0.0851063829787234,0.03773584905660377,94
CHCl3,0.013953488372093023,0.3333333333333333,0.026785714285714284,27
CH2Cl2,0.0,0.0,0.0,3
