label,precision,recall,f1,support
water,0.9069097888675623,0.663623595505618,0.7664233576642335,1424
DMSO,0.0,0.0,0.0,1
MeCN,0.005928853754940711,0.3333333333333333,0.011650485436893203,9
MeOH,0.0,0.0,0.0,93
CHCl3,0.0,0.0,0.0,26
CH2Cl2,0.0,0.0,0.0,2
