label,precision,recall,f1,support
water,1.0,0.27872457394172623,0.4359415305245056,1819
DMSO,0.001597444089456869,0.5,0.0031847133757961785,2
MeCN,0.023148148148148147,0.5,0.04424778761061947,10
MeOH,0.031413612565445025,0.06382978723404255,0.042105263157894736,94
CHCl3,0.05333333333333334,0.5925925925925926,0.09785932721712538,27
CH2Cl2,0.008695652173913044,0.3333333333333333,0.01694915254237288,3
