label,precision,recall,f1,support
water,0.9869678540399652,0.6248624862486248,0.7652408218255304,1818
DMSO,0.0,0.0,0.0,1
MeCN,0.00546448087431694,0.1111111111111111,0.010416666666666666,9
MeOH,0.04177545691906005,0.17204301075268819,0.06722689075630252,93
CHCl3,0.028985507246376812,0.23076923076923078,0.05150214592274678,26
CH2Cl2,0.0,0.0,0.0,2
