label,precision,recall,f1,support
water,0.9390243902439024,0.8914002205071665,0.9145927601809954,1814
DMSO,0.006289308176100629,0.5,0.012422360248447206,2
MeCN,0.0,0.0,0.0,10
MeOH,0.0,0.0,0.0,94
CHCl3,0.0,0.0,0.0,27
CH2Cl2,0.0,0.0,0.0,3
