label,precision,recall,f1,support
water,0.9993662864385298,0.8707896189950304,0.9306580112127472,1811
DMSO,0.0,0.0,0.0,1
MeCN,0.02512562814070352,0.5555555555555556,0.04807692307692308,9
MeOH,0.2857142857142857,0.021505376344086023,0.04000000000000001,93
CHCl3,0.017857142857142856,0.07692307692307693,0.028985507246376815,26
CH2Cl2,0.07142857142857142,0.5,0.125,2
