label,precision,recall,f1,support
water,0.9648760330578512,0.3967714528462192,0.5623118603251054,1177
DMSO,0.0,0.0,0.0,2
MeCN,0.007587253414264037,0.8333333333333334,0.015037593984962405,6
MeOH,0.14814814814814814,0.06666666666666667,0.09195402298850576,60
CHCl3,0.0,0.0,0.0,24
CH2Cl2,0.0,0.0,0.0,2
