label,precision,recall,f1,support
water,0.9706703910614525,0.3942144072603517,0.5607099636950382,1763
DMSO,0.0,0.0,0.0,1
MeCN,0.0027063599458728013,0.2222222222222222,0.005347593582887701,9
MeOH,0.15254237288135594,0.1956521739130435,0.17142857142857146,92
CHCl3,0.05263157894736842,0.11538461538461539,0.07228915662650602,26
CH2Cl2,0.0,0.0,0.0,2
