label,precision,recall,f1,support
water,0.9753444525018129,0.7539237668161435,0.8504584255453682,1784
DMSO,0.0,0.0,0.0,2
MeCN,0.014705882352941176,0.6,0.02870813397129187,10
MeOH,0.4166666666666667,0.05434782608695652,0.09615384615384615,92
CHCl3,0.02631578947368421,0.07407407407407407,0.038834951456310676,27
CH2Cl2,0.0,0.0,0.0,3
