label,precision,recall,f1,support
water,0.9962593516209476,0.878987898789879,0.9339567504383401,1818
DMSO,0.0,0.0,0.0,2
MeCN,0.05517241379310345,0.8,0.1032258064516129,10
MeOH,0.6956521739130435,0.1702127659574468,0.2735042735042735,94
CHCl3,0.16535433070866143,0.7777777777777778,0.27272727272727276,27
CH2Cl2,0.0,0.0,0.0,3
