label,precision,recall,f1,support
water,0.9948553054662379,0.8514034122179417,0.9175563463819691,1817
DMSO,0.0,0.0,0.0,2
MeCN,0.033707865168539325,0.6,0.06382978723404255,10
MeOH,0.4666666666666667,0.07446808510638298,0.12844036697247707,94
CHCl3,0.16666666666666666,0.7407407407407407,0.272108843537415,27
CH2Cl2,0.0,0.0,0.0,3
